{"cameraMode":{"drawMode":0,"name":"Shaded","section":"Shading Mode"},"sceneLighting":true,"audioPlay":false,"sceneViewState":{"showFog":true,"showMaterialUpdate":false,"showSkybox":true,"showFlares":true,"showImageEffects":true,"showParticleSystems":true},"in2DMode":false,"pivot":{"x":18.100000381469728,"y":0.11000001430511475,"z":-0.9648683071136475},"rotation":{"x":0.49872341752052309,"y":-0.19662031531333924,"z":0.11729899048805237,"w":0.8359761834144592},"size":2.8578836917877199,"orthographic":false}