{"cameraMode":{"drawMode":0,"name":"Shaded","section":"Shading Mode"},"sceneLighting":true,"audioPlay":false,"sceneViewState":{"showFog":true,"showMaterialUpdate":false,"showSkybox":true,"showFlares":true,"showImageEffects":true,"showParticleSystems":true},"in2DMode":false,"pivot":{"x":-4.038261413574219,"y":3.395204544067383,"z":0.8326864242553711},"rotation":{"x":0.1716891974210739,"y":-0.8007915616035461,"z":0.5051972270011902,"w":0.2721542716026306},"size":30.70970344543457,"orthographic":false}