{"cameraMode":{"drawMode":0,"name":"Shaded","section":"Shading Mode"},"sceneLighting":false,"audioPlay":false,"sceneViewState":{"showFog":true,"showMaterialUpdate":false,"showSkybox":false,"showFlares":true,"showImageEffects":true,"showParticleSystems":true},"in2DMode":false,"pivot":{"x":7.940929889678955,"y":8.931859016418457,"z":5.895899772644043},"rotation":{"x":-0.003308685030788183,"y":-0.020401230081915857,"z":0.00006608266266994178,"w":-0.9997938275337219},"size":6.094241142272949,"orthographic":false}