{"cameraMode":{"drawMode":0,"name":"Shaded","section":"Shading Mode"},"sceneLighting":false,"audioPlay":false,"sceneViewState":{"showFog":true,"showMaterialUpdate":false,"showSkybox":false,"showFlares":true,"showImageEffects":true,"showParticleSystems":true},"in2DMode":false,"pivot":{"x":9.352959632873536,"y":7.860267162322998,"z":5.831154823303223},"rotation":{"x":-0.06620921194553375,"y":0.03950047120451927,"z":-0.002622735220938921,"w":-0.9970256090164185},"size":3.157883644104004,"orthographic":false}