{"cameraMode":{"drawMode":0,"name":"Shaded","section":"Shading Mode"},"sceneLighting":false,"audioPlay":false,"sceneViewState":{"showFog":true,"showMaterialUpdate":false,"showSkybox":false,"showFlares":true,"showImageEffects":true,"showParticleSystems":true},"in2DMode":false,"pivot":{"x":418.35150146484377,"y":313.0812683105469,"z":-328.6727600097656},"rotation":{"x":-0.40183886885643008,"y":0.32719555497169497,"z":-0.1563681811094284,"w":-0.8408492803573608},"size":5.13047981262207,"orthographic":false}