{"cameraMode":{"drawMode":0,"name":"Shaded","section":"Shading Mode"},"sceneLighting":true,"audioPlay":false,"sceneViewState":{"showFog":true,"showMaterialUpdate":false,"showSkybox":true,"showFlares":true,"showImageEffects":true,"showParticleSystems":true},"in2DMode":false,"pivot":{"x":-1.1050968170166016,"y":2.8743202686309816,"z":2.1169490814208986},"rotation":{"x":0.06799205392599106,"y":-0.04488109052181244,"z":0.003362437477335334,"w":0.9966903924942017},"size":28.287025451660158,"orthographic":false}